CountryCode,CountryName,RegiónBM,Región,Bloque_RTA,Population,OMCmemberdummy,OMCdetailed,GTCEcrono,GTCEmemberx2,GTCEm1,GTCEm2,GTCEm3,GTCE70vs20,GTCE77vs13,REGPOLx4,REGPOLx2,ECOMx2nva,ECOMx2,EGOV2020x2,EGOV2020x3,EGOV2020x4,EGOV_muyAltoD,EGOV_AltoD,EGOVindex2020,EGOV20Log,EGOVordx4original,EGOVordx16original,INCOMEx4,INCOMEx2,Densidadx2,Densidadx3,Densidadx4,DensidadMediaBaja_DUM,DensidadMediaAlta_DUM,DensidadAlta_DUM,DensidadMenor,DensidadMayor,RTA#,ecRTA#,Red_ecRTA_1almenos,Red_ecRTAx3ok,Red_RTAx3ok,Red_RTA_altaDUM,Red_ecRTA_altaDUM,Red_ecRTAx4,Red_RTAx4,Red_ecRTAx2ok,Red_RTAx2ok,moratoria_alcanceOK,moratoria_extensiónOK,transferencias,reglamentación,impuestos,desarrollo,localización_de_datos,enfoque,NDOCSGTCEind,NDOCSGTCEconj,filter_$INTEGRADO,filter_$ecRTAcat1,filter_$,filter_$OMC,filter_$MODrealistaBIS,filter_$MODrealistaMinimal,filter_$MODintegrado,filter_$SERVERS,filter_$INCOME,filter_$EGOV,filter_$ECOM,filter_$REG,filter_$M3
AFG,Afghanistan,1,1,15,34656032,1,2,3,0,0,0,0,0,0,2,0,1,0,0,2,0,0,0,.3203,-.494443061336178,2,6,1,0,0,1,1,0,0,0,1,0,2,0,0,0,0,0,0,0,0,0,0, , , , , , , , , , ,1,1,0,1,1,1,1,1,1,1,1,1,0
ALB,Albania,2,2,13,2876101,1,2,0,1,1,1,1,1,1,4,1,1,0,1,1,2,0,1,.7399,-.130826972678317,3,12,3,1,1,2,3,0,1,0,0,1,5,1,1,1,1,0,0,1,1,0,0, , , , , , , , , , ,1,1,0,1,1,1,1,1,1,1,1,1,1
AGO,Angola,4,4,16,28813463,1,2,3,0,0,0,0,0,0,2,0,1,0,0,2,0,0,0,.3847,-.414877813693185,2,6,2,0,0,1,1,0,0,0,1,0,2,0,0,0,0,0,0,0,0,0,0,1,5,1,1,1,2,3, ,0,1,1,1,0,1,1,1,1,1,1,1,1,1,0
ATG,Antigua and Barbuda,5,8,10,100963,1,2,3,0,0,0,0,0,0,0, , , ,0,1,1,0,0,.6055,-.217885852520929,3,10,4,1, , , , , , , , ,3,3,1,1,0,0,0,2,1,1,0, , , , , , , , , , , ,1,0,1,1, , , ,1,1,0,0,0
ARG,Argentina,5,5,4,43847430,1,2,0,1,1,1,1,1,1,3,1,1,0,1,0,3,1,0,.8279,-.0820221174070918,4,14,3,1,1,3,3,0,1,0,0,1,8,0,0,0,1,1,0,0,2,0,1,0,0,4,2,0,1,0, ,0,2,1,1,0,1,1,1,1,1,1,1,1,1,1
ARM,Armenia,2,2,18,2924816,1,2,3,0,0,0,0,0,0,2,0,1,0,1,1,2,0,1,.7136,-.146545158631933,3,12,3,1,0,2,3,0,1,0,1,0,12,1,1,1,1,1,0,1,2,0,1, , , , , , , , , , ,1,1,0,1,1,1,1,1,1,1,1,1,0
AUS,Australia,7,7,14,24210809,1,2,0,1,1,1,1,1,1,4,1,2,1,1,0,3,1,0,.9432,-.0253962079129673,4,16,4,1,1,3,4,0,0,1,0,1,17,13,1,2,2,1,1,3,2,1,1, , , , , , , , , , ,1,0,0,1,1,1,1,1,1,1,1,1,1
AUT,Austria,2,2,1,8736668,1,2,0,1,1,1,1,1,1,4,1,2,1,1,0,3,1,0,.8914,-.0499273702498425,4,15,4,1,1,3,4,0,0,1,0,1,46,17,1,2,2,1,1,3,3,1,1,7,6,4,3,2,1,2, ,0,4,1,0,0,1,1,1,1,1,1,1,1,1,1
BHR,Bahrain,3,3,25,1425171,1,2,0,1,1,1,1,1,1,0, ,2,1,1,0,2,0,1,.8213,-.0854981771726859,4,14,4,1,0,2,2,1,0,0,1,0,4,3,1,1,1,0,0,2,1,1,0, , , , , , , , , , ,1,1,0,1,1,1,1,1,1,1,1,0,1
BGD,Bangladesh,1,1,17,162951560,1,2,3,0,0,0,0,0,0,2,0,1,0,0,2,1,0,0,.5189,-.284916329305073,3,9,2,0,0,1,2,1,0,0,1,0,5,0,0,0,1,0,0,0,1,0,0, , , , , , , , , , ,1,1,0,1,1,1,1,1,1,1,1,1,0
BRB,Barbados,5,8,10,284996,1,2,3,0,0,0,0,0,0,4,1, , ,1,1,2,0,1,.7279,-.137928280620006,3,12,4,1, , , , , , , , ,3,3,1,1,0,0,0,2,1,1,0, , , , , , , , , , , ,1,0,1,1, , , ,1,1,0,1,0
BEL,Belgium,2,2,1,11331422,1,2,0,1,1,1,1,1,1,4,1,2,1,1,0,2,0,1,.8047,-.0943659986730453,4,14,4,1,1,3,4,0,0,1,0,1,46,17,1,2,2,1,1,3,3,1,1,7,6, , ,2,1,2, ,0,4,1,0,0,1,1,1,1,1,1,1,1,1,1
BLZ,Belize,5,8,10,366954,1,2,3,0,0,0,0,0,0,0, ,1,0,0,2,1,0,0,.4548,-.342179543984303,2,8,2,0,1,3,4,0,0,1,0,1,3,3,1,1,0,0,0,2,1,1,0, , , , , , , , , , ,1,1,0,1,1,1,1,1,1,1,1,0,0
BEN,Benin,4,4,22,10872298,1,2,2,1,0,0,1,2,2,4,1,1,0,0,2,0,0,0,.4039,-.393726146830012,2,6,2,0,0,1,1,0,0,0,1,0,3,0,0,0,0,0,0,0,1,0,0,1,5, , ,0,2,0, ,1,1,1,1,0,1,1,1,1,1,1,1,1,1,1
BOL,Bolivia,5,5,30,10887882,1,2,3,0,0,0,0,0,0,3,1,1,0,0,1,1,0,0,.6129,-.21261037864789,3,10,2,0,0,2,2,1,0,0,1,0,4,0,0,0,1,0,0,0,1,0,0, , , , , , , , , , ,1,1,0,1,1,1,0,1,1,1,1,1,0
BWA,Botswana,4,4,19,2250260,1,2,3,0,0,0,0,0,0,4,1,1,0,0,1,1,0,0,.5383,-.268975620184312,3,9,3,1,0,2,2,1,0,0,1,0,6,0,0,0,1,0,0,0,1,0,0,1,5,1,1,0,2,0, ,0,1,1,1,0,1,1,1,1,1,1,1,1,1,0
BRA,Brazil,5,5,4,207652865,1,2,0,1,1,1,1,1,1,3,1,2,1,1,1,2,0,1,.7677,-.114808459393152,4,13,3,1,1,2,3,0,1,0,0,1,9,0,0,0,1,1,0,0,2,0,1,5,6, , ,3,3,0, ,5,1,1,1,0,1,1,1,1,1,1,1,1,1,1
BRN,Brunei Darussalam,7,7,7,423196,1,2,0,1,1,1,1,1,1,0, , , ,1,1,2,0,1,.7389,-.131414333441234,3,12,4,1, , , , , , , , ,9,2,1,1,1,1,0,1,2,0,1, , , , , , , , , , , ,1,0,1,1, , , ,1,1,0,0,1
BGR,Bulgaria,2,2,1,7127822,1,2,0,1,1,1,1,1,1,3,1,2,1,1,0,2,0,1,.798,-.0979971086492706,4,13,3,1,1,3,4,0,0,1,0,1,46,17,1,2,2,1,1,3,3,1,1,7,6, , ,2,1,0, ,0,4,1,0,0,1,1,1,1,1,1,1,1,1,1
BFA,Burkina Faso,4,4,22,18646433,1,2,2,1,0,0,1,2,2,3,1,1,0,0,2,0,0,0,.3558,-.448794056252094,2,6,1,0,0,1,1,0,0,0,1,0,2,0,0,0,0,0,0,0,0,0,0,1,5,1,1,0,2,0, ,1,1,1,1,0,1,1,1,1,1,1,1,1,1,1
BDI,Burundi,4,4,16,10524117,1,2,3,0,0,0,0,0,0,2,0,1,0,0,2,0,0,0,.3227,-.491201034596095,2,6,1,0,0,1,1,0,0,0,1,0,2,0,0,0,0,0,0,0,0,0,0,1,5,1,1,0,2,0, ,1,1,1,1,0,1,1,1,1,1,1,1,1,1,0
CPV,Cabo Verde,4,4,22,539560,1,2,2,1,0,0,1,2,2,3,1, , ,0,1,1,0,0,.5604,-.251501873386263,3,10,2,0, , , , , , , , ,1,0,0,0,0,0,0,0,0,0,0,1,5,1,1,0,4, , ,1,1, ,1,0,1,1, , , ,1,1,0,1,0
KHM,Cambodia,7,7,7,15762370,1,2,0,1,1,1,1,1,1,2,0,1,0,0,2,1,0,0,.5113,-.291324207273463,3,9,2,0,0,2,2,1,0,0,1,0,7,1,1,1,1,1,0,1,2,0,1, , , , ,0,2,0, , , ,1,1,0,1,1,1,1,1,1,1,1,1,1
CMR,Cameroon,4,4,20,23439189,1,2,2,1,0,0,1,2,2,2,0,1,0,0,2,0,0,0,.4325,-.364013888199167,2,7,2,0,0,1,1,0,0,0,1,0,4,0,0,0,1,0,0,0,1,0,0,1,5,1,1,0,2,0, ,1,1,1,1,0,1,1,1,1,1,1,1,1,1,1
CAN,Canada,6,6,2,36264604,1,2,0,1,1,1,1,1,1,4,1,2,1,1,0,3,1,0,.842,-.0746879085003505,4,15,4,1,1,3,4,0,0,1,0,1,15,12,1,2,2,1,1,3,2,1,1,7,6,3,4,2,0,0, ,5,5,1,0,0,1,1,1,1,1,1,1,1,1,1
CAF,Central African Republic,4,4,20,4594621,1,2,3,0,0,0,0,0,0,3,1, , ,0,2,0,0,0,.1404,-.852632892206214,1,2,1,0, , , , , , , , ,1,0,0,0,0,0,0,0,0,0,0,1,5,1,1,0,2,0, ,1,1, ,1,0,1,1, , , ,1,1,0,1,0
TCD,Chad,4,4,20,14452543,1,2,3,0,0,0,0,0,0,2,0,1,0,0,2,0,0,0,.1557,-.80771138743188,1,3,1,0,0,1,1,0,0,0,1,0,1,0,0,0,0,0,0,0,0,0,0,1,5,1,1,0,2,0, ,1,1,1,1,0,1,1,1,1,1,1,1,1,1,0
CHL,Chile,5,5,5,17909754,1,2,0,1,1,1,1,1,1,3,1,2,1,1,0,3,1,0,.8259,-.0830725338870073,4,14,4,1,1,3,3,0,1,0,0,1,30,9,1,2,2,1,1,3,3,1,1,5,0, , ,0,2,0, ,1,1,1,0,0,1,1,1,1,1,1,1,1,1,1
CHN,China,7,7,17,1378665000,1,2,1,1,0,1,1,2,1,1,0,2,1,1,0,2,0,1,.7948,-.0997421415622225,4,13,3,1,1,2,3,0,1,0,0,1,16,7,1,2,2,1,1,3,2,1,1,5,5,2,2,0,2,0,1,1,1,1,0,0,1,1,1,1,1,1,1,1,1,1
COL,Colombia,5,5,5,48653419,1,2,0,1,1,1,1,1,1,3,1,2,1,1,1,2,0,1,.7164,-.144844422823006,3,12,3,1,1,2,3,0,1,0,0,1,15,10,1,2,2,1,1,3,2,1,1,5,0, , ,0,2,0, ,2,2,1,0,0,1,1,1,1,1,1,1,1,1,1
COG,Congo,4,4,20,5125821,1,2,3,0,0,0,0,0,0,2,0,1,0,0,2,0,0,0,.3786,-.421819390372222,2,6,2,0,0,1,1,0,0,0,1,0,1,0,0,0,0,0,0,0,0,0,0, , , , , , , , , , ,1,1,0,1,1,1,1,1,1,1,1,1,0
COD,"Congo, Dem. Rep.",4,4,16,78736153,1,2,3,0,0,0,0,0,0,2,0,1,0,0,2,0,0,0,.258, ,2,5,1,0,0,1,1,0,0,0,1,0,1,0,0,0,0,0,0,0,0,0,0,5,5,1,1,0,2,0, ,1,1,1,1,0,1,1,1,1,1,1,1,1,1,0
CRI,Costa Rica,5,5,6,4857274,1,2,0,1,1,1,1,1,1,4,1,2,1,1,1,2,0,1,.7576,-.120560034004783,4,13,3,1,1,2,3,0,1,0,0,1,15,7,1,2,2,1,1,3,2,1,1, , , , , ,1, , ,1,1,1,0,0,1,1,1,1,1,1,1,1,1,1
CIV,Côte d'Ivoire,4,4,22,23695919,1,2,2,1,0,0,1,2,2,3,1,1,0,0,2,0,0,0,.4457,-.350957365913824,2,8,2,0,0,1,1,0,0,0,1,0,4,1,1,1,1,0,0,1,1,0,0,0,5,1,1,0,4,0,1,4,4,1,1,0,1,1,1,1,1,1,1,1,1,1
HRV,Croatia,2,2,1,4174349,1,2,0,1,1,1,1,1,1,3,1,2,1,1,0,2,0,1,.7745,-.110978577904775,4,13,4,1,1,3,4,0,0,1,0,1,46,17,1,2,2,1,1,3,3,1,1,7,6, , ,2,1,2, , , ,1,0,0,1,1,1,1,1,1,1,1,1,1
CUB,Cuba,5,8,30,11475982,1,2,3,0,0,0,0,0,0,1,0, , ,0,2,0,0,0,.4439,-.352714854974633,2,8,3,1, , , , , , , , ,4,0,0,0,1,0,0,0,1,0,0, , , , , , , , , , ,0,1,0,1,1,0,0,0,1,1,0,1,0
CYP,Cyprus,2,2,1,1170125,1,2,0,1,1,1,1,1,1,4,1,2,1,1,0,3,1,0,.8731,-.058936011780098,4,15,4,1,1,3,3,0,1,0,0,1,46,17,1,2,2,1,1,3,3,1,1,7,6, , ,2,1,2, ,4,4,1,0,0,1,1,1,1,1,1,1,1,1,1
CZE,Czech Republic,2,2,1,10566332,1,2,0,1,1,1,1,1,1,4,1,2,1,1,0,2,0,1,.8135,-.0896424427271224,4,14,4,1,1,3,4,0,0,1,0,1,46,17,1,2,2,1,1,3,3,1,1,7,6, , ,2,1,2, ,4,4,1,0,0,1,1,1,1,1,1,1,1,1,1
DNK,Denmark,2,2,1,5728010,1,2,0,1,1,1,1,1,1,4,1,2,1,1,0,3,1,0,.9758,-.0106391862237526,4,16,4,1,1,3,4,0,0,1,0,1,46,17,1,2,2,1,1,3,3,1,1,7,6, , ,2,1,2, ,4,4,1,0,0,1,1,1,1,1,1,1,1,1,1
DJI,Djibouti,3,3,16,942333,1,2,3,0,0,0,0,0,0,2,0,1,0,0,2,0,0,0,.2728,-.564155634015559,2,5,2,0,0,1,1,0,0,0,1,0,0,0,0,0,0,0,0,0,0,0,0, , , , , , , , , , ,1,1,0,1,1,1,1,1,1,1,1,1,0
DMA,Dominica,5,8,10,73543,1,2,3,0,0,0,0,0,0,0, , , ,0,1,1,0,0,.6013,-.220908796154501,3,10,3,1, , , , , , , , ,3,3,1,1,0,0,0,2,1,1,0, , , , , , , , , , , ,1,0,1,1, , , ,1,1,0,0,0
DOM,Dominican Republic,5,8,6,10648791,1,2,3,0,0,0,0,0,0,3,1,2,1,1,1,2,0,1,.6782,-.168642214557932,3,11,3,1,0,2,2,1,0,0,1,0,5,3,1,1,1,0,0,2,1,1,0, , , , , , , , , , ,1,1,0,1,1,1,1,1,1,1,1,1,0
ECU,Ecuador,5,5,30,16385068,1,2,2,1,0,0,1,2,2,3,1,1,0,1,1,2,0,1,.7015,-.153972324635621,3,12,3,1,0,2,2,1,0,0,1,0,7,1,1,1,1,1,0,1,2,0,1,0,0, , ,0,0,0, , , ,1,1,0,1,1,1,0,1,1,1,1,1,0
EGY,"Egypt, Arab Rep.",3,3,16,95688681,1,2,3,0,0,0,0,0,0,2,0,1,0,0,1,1,0,0,.5527, ,3,9,2,0,0,1,1,0,0,0,1,0,10,0,0,0,1,1,0,0,2,0,1, , , , , , , , , , ,1,1,0,1,1,1,1,1,1,1,1,1,0
SLV,El Salvador,5,5,6,6344722,1,2,1,1,0,1,1,2,1,3,1,1,0,0,1,1,0,0,.5697,-.24435378054332,3,10,2,0,0,1,2,1,0,0,1,0,13,3,1,1,2,1,0,2,2,1,1, , , , , , , , , , ,1,1,0,1,1,1,1,1,1,1,1,1,1
EST,Estonia,2,2,1,1315790,1,2,0,1,1,1,1,1,1,4,1,2,1,1,0,3,1,0,.9473,-.02351246269481,4,16,4,1,1,3,4,0,0,1,0,1,46,17,1,2,2,1,1,3,3,1,1,7,6, , ,2,1,2, , , ,1,0,0,1,1,1,1,1,1,1,1,1,1
SWZ,Eswatini,4,4,16,1343098,1,2,3,0,0,0,0,0,0,0, ,1,0,0,2,1,0,0,.4938,-.306448914404087,2,8,2,0,0,1,2,1,0,0,1,0,7,0,0,0,1,1,0,0,2,0,1,1,5,1,1,0,2,0, , , ,1,1,0,1,1,1,1,1,1,1,1,0,0
FJI,Fiji,7,7,28,898760,1,2,3,0,0,0,0,0,0,2,0, , ,0,1,1,0,0,.6585,-.181444220702197,3,11,3,1, , , , , , , , ,5,0,0,0,1,0,0,0,1,0,0, , , , , , , , , , , ,1,0,1,1, , , ,1,1,0,1,0
FIN,Finland,2,2,1,5495303,1,2,0,1,1,1,1,1,1,4,1,2,1,1,0,3,1,0,.9452,-.0244762870396686,4,16,4,1,1,3,4,0,0,1,0,1,46,17,1,2,2,1,1,3,3,1,1,7,6, , ,2,1,2, , , ,1,0,0,1,1,1,1,1,1,1,1,1,1
FRA,France,2,2,1,66859768,1,2,0,1,1,1,1,1,1,4,1,2,1,1,0,3,1,0,.8718,-.0595831353183348,4,15,4,1,1,3,4,0,0,1,0,1,46,17,1,2,2,1,1,3,3,1,1,7,6, , ,2,1,2, , , ,1,0,0,1,1,1,1,1,1,1,1,1,1
GAB,Gabon,4,4,20,1979786,1,2,3,0,0,0,0,0, ,2,0,1,0,0,1,1,0,0,.5401,-.267525822718806,3,9,3,1,0,1,1,0,0,0,1,0,1,0,0,0,0,0,0,0,0,0,0,1,5,1,1,0,2,0, ,1,1,1,1,0,1,1,1,1,1,1,1,1,1,0
GMB,"Gambia, The",4,4,22,2038501,1,2,2,1,0,0,1,2,2,2,0, , ,0,2,0,0,0,.263,-.580044251510242,2,5,1,0, , , , , , , , ,1,0,0,0,0,0,0,0,0,0,0,1,1,1,1,0,2,0, ,1,1, ,1,0,1,1, , , ,1,1,0,1,0
GEO,Georgia,2,2,23,3719300,1,2,1,1,0,1,1,2,1,3,1,2,1,1,1,2,0,1,.7174,-.144238627660052,3,12,3,1,1,2,3,0,1,0,0,1,14,4,1,2,2,1,0,2,2,1,1, , , , , , , , , , ,1,1,0,1,1,1,1,1,1,1,1,1,1
DEU,Germany,2,2,1,82348669,1,2,0,1,1,1,1,1,1,4,1,2,1,1,0,3,1,0,.8524,-.0693565589578356,4,15,4,1,1,3,4,0,0,1,0,1,46,17,1,2,2,1,1,3,3,1,1,7,6, , ,2,1,2, ,4,4,1,0,0,1,1,1,1,1,1,1,1,1,1
GHA,Ghana,4,4,22,28206728,1,2,3,0,0,0,0,0,0,3,1,1,0,0,1,1,0,0,.596,-.224753740259764,3,10,2,0,0,1,1,0,0,0,1,0,4,2,1,1,1,0,0,1,1,0,0,1,5,1,1,0,2,0, ,1,1,1,1,0,1,1,1,1,1,1,1,1,1,0
GRC,Greece,2,2,1,10775971,1,2,0,1,1,1,1,1,1,3,1,2,1,1,0,2,0,1,.8021,-.0957714836599215,4,14,4,1,1,3,3,0,1,0,0,1,46,17,1,2,2,1,1,3,3,1,1,7,6, , ,2,1,2, ,4,4,1,0,0,1,1,1,1,1,1,1,1,1,1
GRD,Grenada,5,8,10,107317,1,2,3,0,0,0,0,0,0,0, , , ,0,1,1,0,0,.5812,-.235674394374016,3,10,3,1, , , , , , , , ,3,3,1,1,0,0,0,2,1,1,0, , , , , , , , , , , ,1,0,1,1, , , ,1,1,0,0,0
GTM,Guatemala,5,5,6,16582469,1,2,4,1,1,0,1,1,2,3,1,1,0,0,2,1,0,0,.5155,-.287771330380465,3,9,3,1,0,1,2,1,0,0,1,0,10,4,1,2,1,1,0,2,2,1,1,0,0, , ,0,2,0, , , ,1,1,1,1,1,1,1,1,1,1,1,1,1
GIN,Guinea,4,4,22,12395924,1,2,3,0,0,0,0,0,0,2,0,1,0,0,2,0,0,0,.2592,-.586365002801444,2,5,1,0,0,1,1,0,0,0,1,0,2,0,0,0,0,0,0,0,0,0,0, , , , , , , , , , ,1,1,0,1,1,1,1,1,1,1,1,1,0
GNB,Guinea-Bissau,4,4,22,1815698,1,2,3,0,0,0,0,0,0,3,1, , ,0,2,0,0,0,.2316,-.635261444944601,1,4,1,0, , , , , , , , ,1,0,0,0,0,0,0,0,0,0,0, , , , , , , , , , , ,1,0,1,1, , , ,1,1,0,1,0
GUY,Guyana,5,8,10,773303,1,2,3,0,0,0,0,0,0,3,1, , ,0,2,1,0,0,.4909,-.309006967900131,2,8,3,1, , , , , , , , ,4,3,1,1,1,0,0,2,1,1,0, , , , , , , , , , , ,1,0,1,1, , , ,1,1,0,1,0
HTI,Haiti,5,8,10,10847334,1,2,3,0,0,0,0,0,0,2,0,1,0,0,2,0,0,0,.2723,-.564952358660035,2,5,2,0,0,1,1,0,0,0,1,0,2,2,1,1,0,0,0,1,0,0,0, , , , , , , , , , ,1,1,0,1,1,1,1,1,1,1,1,1,0
HND,Honduras,5,5,6,9112867,1,2,1,1,0,1,1,2,1,2,0,1,0,0,2,0,0,0,.4486,-.348140730753051,2,8,2,0,0,1,2,1,0,0,1,0,13,5,1,2,2,1,1,2,2,1,1, , , , , , , , , , ,1,1,0,1,1,1,1,1,1,1,1,1,1
HKG,"Hong Kong SAR, China",7,7,8,7336600,1,2,0,1,1,1,1,1,1,0, ,2,1, , , , , , , , , ,4,1,1,3,4,0,0,1,0,1,8,4,1,2,1,1,0,2,2,1,1, , , , , , , , , , ,1,1,0,1,1,1,0,1,1, ,1,0,1
HUN,Hungary,2,2,1,9814023,1,2,0,1,1,1,1,1,1,3,1,2,1,1,1,2,0,1,.7745,-.110978577904775,4,13,4,1,1,3,4,0,0,1,0,1,46,17,1,2,2,1,1,3,3,1,1,7,6, , ,2,1,2, ,4,4,1,0,0,1,1,1,1,1,1,1,1,1,1
ISL,Iceland,2,2,23,335439,1,2,0,1,1,1,1,1,1,4,1,2,1,1,0,3,1,0,.9101,-.0409108856326078,4,16,4,1,1,3,4,0,0,1,0,1,32,5,1,2,2,1,1,2,3,1,1, , , , , , , , , , ,1,1,0,1,1,1,1,1,1,1,1,1,1
IND,India,1,1,17,1324171354,1,2,3,0,0,0,0,0,0,3,1,2,1,0,1,1,0,0,.5964,-.224462365219043,3,10,2,0,0,2,2,1,0,0,1,0,17,1,1,1,2,1,0,1,2,0,1,2,2,1,1,5,2,0, ,1,1,1,1,0,1,1,1,1,1,1,1,1,1,0
IDN,Indonesia,7,7,7,261115456,1,2,2,1,0,0,1,2,2,3,1,1,0,0,1,1,0,0,.6612,-.17966715510059,3,11,2,0,1,2,3,0,1,0,0,1,12,2,1,1,1,1,0,1,2,0,1,4,0,2,2,0,2,0, ,1,1,1,1,0,1,1,1,1,1,1,1,1,1,1
IRL,Ireland,2,2,1,4755335,1,2,0,1,1,1,1,1,1,4,1,2,1,1,0,3,1,0,.8433,-.0740178996728968,4,15,4,1,1,3,4,0,0,1,0,1,46,17,1,2,2,1,1,3,3,1,1,7,6, , ,2,1,2, ,4,4,1,0,0,1,1,1,1,1,1,1,1,1,1
ISR,Israel,3,3,8,8546000,1,2,0,1,1,1,1,1,1,3,1,2,1,1,0,3,1,0,.8361,-.0777417765670334,4,14,4,1,1,3,3,0,1,0,0,1,10,1,1,1,1,1,0,1,2,0,1, , , , , , , , , , ,1,1,0,1,1,1,0,1,1,1,1,1,1
ITA,Italy,2,2,1,60627498,1,2,0,1,1,1,1,1,1,4,1,2,1,1,0,3,1,0,.8231,-.0845473983115212,4,14,4,1,1,3,4,0,0,1,0,1,46,17,1,2,2,1,1,3,3,1,1,7,6, , ,2,1,2, ,4,4,1,0,0,1,1,1,1,1,1,1,1,1,1
JAM,Jamaica,5,8,10,2881355,1,2,3,0,0,0,0,0,0,3,1,1,1,0,1,1,0,0,.5392,-.268250116472737,3,9,3,1,0,2,2,1,0,0,1,0,3,3,1,1,0,0,0,2,1,1,0, , , , , , , , , , ,1,1,0,1,1,1,1,1,1,1,1,1,0
JPN,Japan,7,7,14,126994511,1,2,0,1,1,1,1,1,1,4,1,2,1,1,0,3,1,0,.8989,-.0462886195724446,4,16,4,1,1,3,4,0,0,1,0,1,18,9,1,2,2,1,1,3,3,1,1,7,6, , ,0,1,2, , , ,1,0,0,1,1,1,1,1,1,1,1,1,1
JOR,Jordan,3,3,26,9455802,1,2,3,0,0,0,0,0,0,1,0,1,1,0,2,1,0,0,.5309,-.274987274658843,3,9,3,1,0,1,2,1,0,0,1,0,8,3,1,1,1,1,0,2,2,1,1, , , , , , , , , , ,1,1,1,1,1,1,1,1,1,1,1,1,0
KAZ,Kazakhstan,2,2,18,17794055,1,2,0,1,1,1,1,1,1,2,0,2,1,1,0,3,1,0,.8375,-.0770151842911171,4,15,3,1,1,2,3,0,1,0,0,1,11,3,1,1,1,1,0,2,2,1,1, , , , , , , , , , ,1,1,0,1,1,1,1,1,1,1,1,1,1
KEN,Kenya,4,4,16,48461567,1,2,2,1,0,0,1,2,2,3,1,1,0,0,1,1,0,0,.5326,-.273598837897078,3,9,2,0,0,2,2,1,0,0,1,0,3,0,0,0,0,0,0,0,1,0,0,1,5,1,1,0,1,0, ,1,1,1,1,0,1,1,1,1,1,1,1,1,1,1
KOR,"Korea, Rep.",7,7,17,51245707,1,2,0,1,1,1,1,1,1,4,1,2,1,1,0,3,1,0,.956, ,4,16,4,1,1,3,3,0,1,0,0,1,20,11,1,2,2,1,1,3,3,1,1, , , , , , , , , , ,1,0,0,1,1,1,1,1,1,1,1,1,1
KWT,Kuwait,3,3,25,4052584,1,2,0,1,1,1,1,1,1,1,0,2,1,1,0,2,0,1,.7913,-.101658834272491,4,13,4,1,0,2,3,0,1,0,1,0,3,2,1,1,0,0,0,1,1,0,0, , , , , , , , , , ,1,1,0,1,1,1,1,1,1,1,1,1,1
KGZ,Kyrgyz Republic,2,2,18,6079500,1,2,2,1,0,0,1,2,2,3,1,1,0,1,1,2,0,1,.6749,-.170760571858611,3,11,2,0,0,2,2,1,0,0,1,0,10,0,0,0,1,1,0,0,2,0,1, , , , , , , , , , ,1,1,0,1,1,1,1,1,1,1,1,1,0
LAO,Lao PDR,7,7,7,6758353,1,2,0,1,1,1,1,1,1,1,0,1,0,0,2,0,0,0,.3288,-.483068191131987,2,6,2,0,0,1,1,0,0,0,1,0,9,1,1,1,1,1,0,1,2,0,1, , , , , , , , , , ,1,1,0,1,1,1,1,1,1,1,1,1,1
LVA,Latvia,2,2,1,1959537,1,2,0,1,1,1,1,1,1,4,1,2,1,1,0,2,0,1,.7798,-.108016769148033,4,13,4,1,1,3,4,0,0,1,0,1,46,17,1,2,2,1,1,3,3,1,1,7,6, , ,2,1,0, , , ,1,0,0,1,1,1,1,1,1,1,1,1,1
LSO,Lesotho,4,4,16,2203821,1,2,3,0,0,0,0,0,0,3,1,1,0,0,2,1,0,0,.4593,-.337903554582077,2,8,2,0,0,1,2,1,0,0,1,0,7,0,0,0,1,1,0,0,2,0,1,1,5,1,1,0,2,0, ,1,1,1,1,0,1,1,1,1,1,1,1,1,1,0
LBR,Liberia,4,4,22,4613823,1,2,3,0,0,0,0,0,0,3,1,1,0,0,2,0,0,0,.2605,-.584192272364457,2,5,1,0,0,1,1,0,0,0,1,0,1,0,0,0,0,0,0,0,0,0,0,1,5,1,1,0,2,0, ,1,1,1,1,0,1,1,1,1,1,1,1,1,1,0
LIE,Liechtenstein,2,2,23,37666,1,2,0,1,1,1,1,1,1,0, , , ,1,0,3,1,0,.8359,-.0778456747689412,4,14,4,1, , , , , , , , ,30,5,1,2,2,1,1,2,3,1,1, , , , , , , , , , , ,1,0,1,1, , , ,1,1,0,0,1
LTU,Lithuania,2,2,1,2868231,1,2,0,1,1,1,1,1,1,3,1,2,1,1,0,3,1,0,.8665,-.0622314329500642,4,15,4,1,1,3,4,0,0,1,0,1,46,17,1,2,2,1,1,3,3,1,1,7,6, , ,2,1,0, ,4,4,1,0,0,1,1,1,1,1,1,1,1,1,1
LUX,Luxembourg,2,2,1,582014,1,2,0,1,1,1,1,1,1,0, ,2,1,1,0,3,1,0,.8272,-.0823894742501327,4,14,4,1,1,3,4,0,0,1,0,1,46,17,1,2,2,1,1,3,3,1,1,7,6, , ,2,1,0, ,4,4,1,0,0,1,1,1,1,1,1,1,1,0,1
MAC,"Macao SAR, China",7,7,8,612167,1,2,3,0,0,0,0,0,0,0, , , , , , , , , , , , ,4,1, , , , , , , , ,0,0,0,0,0,0,0,0,0,0,0, , , , , , , , , , , ,1,0,1,1, ,0, ,1, ,0,0,0
MDG,Madagascar,4,4,16,24894551,1,2,3,0,0,0,0,0,0,2,0,1,0,0,2,0,0,0,.3095,-.509339346643863,2,5,1,0,0,1,1,0,0,0,1,0,1,1,1,1,0,0,0,1,0,0,0,1,5,1,1,0,2,0, ,1,1,1,1,0,1,1,1,0,1,1,1,1,1,0
MWI,Malawi,4,4,16,18091575,1,2,3,0,0,0,0,0,0,3,1,1,0,0,2,0,0,0,.348,-.458420756053419,2,6,1,0,0,1,1,0,0,0,1,0,2,0,0,0,0,0,0,0,0,0,0,1,5,1,1,0,2,0, ,1,1,1,1,0,1,1,1,1,1,1,1,1,1,0
MYS,Malaysia,7,7,7,31187265,1,2,0,1,1,1,1,1,1,2,0,2,1,1,0,2,0,1,.7892,-.102812923419846,4,13,3,1,1,3,3,0,1,0,0,1,15,4,1,2,2,1,0,2,2,1,1, , , , , , , , , , ,1,1,0,1,1,1,1,1,1,1,1,1,1
MDV,Maldives,1,1,15,427756,1,2,3,0,0,0,0,0,0,2,0, , ,0,1,1,0,0,.574,-.241088107602027,3,10,3,1, , , , , , , , ,2,0,0,0,0,0,0,0,0,0,0, , , , , , , , , , , ,1,0,1,1, , , ,1,1,0,1,0
MLI,Mali,4,4,22,17994837,1,2,3,0,0,0,0,0,0,3,1,1,0,0,2,0,0,0,.3097,-.509058794643213,2,6,1,0,0,1,1,0,0,0,1,0,2,0,0,0,0,0,0,0,0,0,0,1,5,1,1,0,2,0, ,1,1,1,1,0,1,1,1,1,1,1,1,1,1,0
MLT,Malta,3,3,1,455356,1,2,0,1,1,1,1,1,1,0, ,2,1,1,0,3,1,0,.8547,-.0681862960408607,4,15,4,1,1,3,3,0,1,0,0,1,46,17,1,2,2,1,1,3,3,1,1,7,6, , ,2,1,2, , , ,1,0,0,1,1,1,1,1,1,1,1,0,1
MHL,Marshall Islands,7,7,30,53066,1,2,3,0,0,0,0,0,0,0, , , ,0,2,0,0,0,.4055,-.392009141452825,2,7,3,1, , , , , , , , ,1,0,0,0,0,0,0,0,0,0,0, , , , , , , , , , ,0,1,0,1,1,0,0,0,1,1,0,0,0
MRT,Mauritania,4,4,8,4301018,1,2,3,0,0,0,0,0,0,2,0,1,0,0,2,0,0,0,.282,-.549750891680639,2,5,2,0,0,1,1,0,0,0,1,0,0,0,0,0,0,0,0,0,0,0,0, , , , , , , , , , ,1,1,0,1,1,1,0,1,1,1,1,1,0
MUS,Mauritius,4,4,16,1263473,1,2,2,1,0,0,1,2,2,3,1,2,1,1,1,2,0,1,.7196,-.142908845326486,3,12,3,1,0,2,3,0,1,0,1,0,8,2,1,1,1,1,0,1,2,0,1, , , , , , , , , , ,1,1,0,1,1,1,1,1,1,1,1,1,0
MEX,Mexico,5,5,2,127540423,1,2,0,1,1,1,1,1,1,3,1,1,0,1,1,2,0,1,.7291,-.137212901764656,3,12,3,1,0,2,2,1,0,0,1,0,23,6,1,2,2,1,1,2,3,1,1,5,0, , ,0,2,0, ,1,1,1,1,0,1,1,1,1,1,1,1,1,1,1
MDA,Moldova,2,2,13, ,1,2,0,1,1,1,1,1,1,3, , , , , , , , ,.6881,-.162348442153608, ,11,3,1,1,2,3,0,1,0,0,1,9,3,1,1,1,1,0,2,2,1,1, , , , , , , , , , ,1,1,0,1,1,1,1,1,1, , , ,1
MNG,Mongolia,7,7,8,3027398,1,2,1,1,0,1,1,2,1,3,1,2,1,0,1,1,0,0,.6497,-.187287133234631,3,11,2,0,1,2,3,0,1,0,0,1,1,1,1,1,0,0,0,1,0,0,0, , , , , , , , , , ,1,1,0,1,1,1,0,1,1,1,1,1,1
MNE,Montenegro,7,7,13,622303,1,2,0,1,1,1,1,1,1,2,0,1,0,1,1,2,0,1,.7006,-.154529867018326,3,11,3,1,1,2,3,0,1,0,0,1,5,1,1,1,1,0,0,1,1,0,0, , , , ,0,2,0, , , ,1,1,0,1,1,1,1,1,1,1,1,1,1
MAR,Morocco,3,3,26,35276786,1,2,3,0,0,0,0,0,0,1,0,1,0,0,1,1,0,0,.5729,-.241921177750387,3,10,2,0,0,2,2,1,0,0,1,0,9,1,1,1,1,1,0,1,2,0,1,1,5,1,1,0,2,0, ,1,1,1,1,0,1,1,1,1,1,1,1,1,1,0
MOZ,Mozambique,4,4,19,28829476,1,2,3,0,0,0,0,0,0,2,0,1,0,0,2,0,0,0,.3564,-.448062304635163,2,6,1,0,0,1,1,0,0,0,1,0,4,0,0,0,1,0,0,0,1,0,0, , , , , , , , , , ,1,1,0,1,1,1,1,1,1,1,1,1,0
MMR,Myanmar,7,7,7,52885223,1,2,0,1,1,1,1,1,1,2,0,1,0,0,2,0,0,0,.4316,-.364918563989127,2,7,2,0,0,1,1,0,0,0,1,0,8,1,1,1,1,1,0,1,2,0,1, , , , , , , , , , ,1,1,0,1,1,1,1,1,1,1,1,1,1
NAM,Namibia,4,4,19,2479713,1,2,3,0,0,0,0,0,0,4,1,1,0,0,1,1,0,0,.5747,-.240558802866302,3,10,3,1,0,2,2,1,0,0,1,0,7,0,0,0,1,1,0,0,2,0,1,1,5,1,1,0,2,0, ,1,1,1,1,0,1,1,1,1,1,1,1,1,1,0
NPL,Nepal,1,1,15,28982771,1,2,3,0,0,0,0,0,0,3,1,1,0,0,2,1,0,0,.4699,-.327994554977048,2,8,2,0,0,2,2,1,0,0,1,0,3,0,0,0,0,0,0,0,1,0,0, , , , , , , , , , ,1,1,0,1,1,1,1,1,1,1,1,1,0
NLD,Netherlands,2,2,1,17030314,1,2,0,1,1,1,1,1,1,4,1,2,1,1,0,3,1,0,.9228,-.0348924141509442,4,16,4,1,1,3,4,0,0,1,0,1,46,17,1,2,2,1,1,3,3,1,1,7,6, , ,2,1,2, ,4,4,1,0,0,1,1,1,1,1,1,1,1,1,1
NZL,New Zealand,7,7,14,4693200,1,2,0,1,1,1,1,1,1,4,1,2,1,1,0,3,1,0,.9339,-.0296996245978223,4,16,4,1,1,3,4,0,0,1,0,1,13,6,1,2,2,1,1,2,2,1,1,7,6, , ,2,1,0,2,5,5,1,1,0,1,1,1,1,1,1,1,1,1,1
NIC,Nicaragua,5,5,6,6149928,1,2,1,1,0,1,1,2,1,2,0,1,0,0,2,1,0,0,.5139,-.289121382314827,3,9,2,0,0,1,2,1,0,0,1,0,11,4,1,2,1,1,0,2,2,1,1, , , , , , , , , , ,1,1,0,1,1,1,1,1,1,1,1,1,1
NER,Niger,4,4,22,20672987,1,2,3,0,0,0,0,0,0,2,0,1,0,0,2,0,0,0,.1661,-.779630367548605,1,3,1,0,0,1,1,0,0,0,1,0,2,0,0,0,0,0,0,0,0,0,0,1,5,1,1,0,2,0, ,1,1,1,1,0,1,1,1,1,1,1,1,1,1,0
NGA,Nigeria,4,4,22,185989640,1,2,0,1,1,1,1,1,1,3,1,1,0,0,2,0,0,0,.4406,-.355955507185251,2,8,2,0,0,1,2,1,0,0,1,0,2,0,0,0,0,0,0,0,0,0,0,1,5,1,1,0,2,0, ,1,1,1,1,0,1,1,1,1,1,1,1,1,1,1
MKD,North Macedonia,2,2,13,2081206,1,2,0,1,1,1,1,1,1,3,1,2,1,1,1,2,0,1,.7083,-.149782758201611,3,12,3,1,1,2,3,0,1,0,0,1,6,1,1,1,1,0,0,1,1,0,0, , , , , , , , , , ,1,1,0,1,1,1,1,1,1,1,1,1,1
NOR,Norway,2,2,23,5234519,1,2,0,1,1,1,1,1,1,4,1,2,1,1,0,3,1,0,.9064,-.0426801031446592,4,16,4,1,1,3,4,0,0,1,0,1,32,5,1,2,2,1,1,2,3,1,1, , , , , , , , , , ,1,1,0,1,1,1,1,1,1,1,1,1,1
OMN,Oman,3,3,25,4424762,1,2,2,1,0,0,1,2,2,1,0,2,1,1,0,2,0,1,.7749,-.11075433910702,4,13,4,1,0,2,2,1,0,0,1,0,4,3,1,1,1,0,0,2,1,1,0, , , , , , , , , , ,1,1,0,1,1,1,1,1,1,1,1,1,0
PAK,Pakistan,1,1,15,193203476,1,2,3,0,0,0,0,0,0,2,0,1,0,0,2,0,0,0,.4183,-.37851213541937,2,7,2,0,0,1,2,1,0,0,1,0,10,0,0,0,1,1,0,0,2,0,1, , , , , , , , , , ,1,1,0,1,1,1,1,1,1,1,1,1,0
PAN,Panama,5,5,6,4034119,1,2,0,1,1,1,1,1,1,3,1,1,0,1,1,2,0,1,.6715,-.172953982995266,3,11,3,1,1,2,3,0,1,0,0,1,18,6,1,2,2,1,1,2,3,1,1, , , , , , , , , , ,1,1,0,1,1,1,1,1,1,1,1,1,1
PNG,Papua New Guinea,7,7,28,8084991,1,2,3,0,0,0,0,0,0,2,0, , ,0,2,0,0,0,.2827,-.54867419151048,2,5,2,0, , , , , , , , ,6,0,0,0,1,0,0,0,1,0,0, , , , , , , , , , , ,1,0,1,1, , , ,1,1,0,1,0
PRY,Paraguay,5,5,4,6725308,1,2,0,1,1,1,1,1,1,3,1,1,0,0,1,1,0,0,.6487,-.187956102069773,3,10,3,1,0,2,2,1,0,0,1,0,8,0,0,0,1,1,0,0,2,0,1, , , , , , , , ,0,0,1,1,0,1,1,1,1,1,1,1,1,1,1
PER,Peru,5,5,5,31773839,1,2,0,1,1,1,1,1,1,3,1,1,0,1,1,2,0,1,.7083,-.149782758201611,3,12,3,1,0,2,2,1,0,0,1,0,20,10,1,2,2,1,1,3,3,1,1,5,0, , ,0,2,0, ,1,1,1,0,0,1,1,1,1,1,1,1,1,1,1
PHL,Philippines,7,7,7,103320222,1,2,2,1,0,0,1,2,2,3,1,1,0,1,1,2,0,1,.6892,-.161654731224009,3,11,2,0,0,1,2,1,0,0,1,0,11,2,1,1,1,1,0,1,2,0,1,0,0, , ,0,2,0, , , ,1,1,0,1,1,1,1,1,1,1,1,1,1
POL,Poland,2,2,1,37970087,1,2,0,1,1,1,1,1,1,3,1,2,1,1,0,3,1,0,.8531,-.0690000580438479,4,15,4,1,1,3,4,0,0,1,0,1,46,17,1,2,2,1,1,3,3,1,1,7,6, , ,2,1,2, , , ,1,0,0,1,1,1,1,1,1,1,1,1,1
PRT,Portugal,2,2,1,10325452,1,2,0,1,1,1,1,1,1,4,1,2,1,1,0,3,1,0,.8255,-.0832829224011876,4,14,4,1,1,3,4,0,0,1,0,1,46,17,1,2,2,1,1,3,3,1,1,7,6, , ,2,1,2, ,4,4,1,0,0,1,1,1,1,1,1,1,1,1,1
QAT,Qatar,3,3,25,2569804,1,2,0,1,1,1,1,1,1,1,0,2,1,1,1,2,0,1,.7173,-.144299169164563,3,12,4,1,0,2,3,0,1,0,1,0,3,2,1,1,0,0,0,1,1,0,0, , , , , , , , , , ,1,1,0,1,1,1,1,1,1,1,1,1,1
ROU,Romania,2,2,1,19702332,1,2,0,1,1,1,1,1,1,3,1,2,1,1,1,2,0,1,.7605,-.118900781610983,4,13,3,1,1,3,4,0,0,1,0,1,46,17,1,2,2,1,1,3,3,1,1,7,6, , ,2,1,2, ,4,4,1,0,0,1,1,1,1,1,1,1,1,1,1
RUS,Russian Federation,2,2,18,144342396,1,2,0,1,1,1,1,1,1,2,0,2,1,1,0,3,1,0,.8244,-.0838620168928247,4,14,3,1,1,3,3,0,1,0,0,1,12,3,1,1,1,1,0,2,2,1,1,3,4, , ,0,1,0, ,2,2,1,1,0,1,1,1,1,1,1,1,1,1,1
RWA,Rwanda,4,4,16,11917508,1,2,3,0,0,0,0,0,0,2,0,1,0,0,2,1,0,0,.4789,-.319755162957392,2,8,1,0,0,1,2,1,0,0,1,0,2,0,0,0,0,0,0,0,0,0,0,1,5,1,1,0,2,0, , , ,1,1,0,1,1,1,1,1,1,1,1,1,0
WSM,Samoa,7,7,28,195125,1,2,3,0,0,0,0,0,0,0, , , ,0,2,0,0,0,.4219,-.374790474618119,2,7,2,0, , , , , , , , ,5,0,0,0,1,0,0,0,1,0,0, , , , , , , , , , , ,1,0,1,1, , , ,1,1,0,0,0
SAU,Saudi Arabia,3,3,25,32275687,1,2,3,0,0,0,0,0,0,1,0,2,1,1,0,2,0,1,.7991,-.0973988693334687,4,14,4,1,0,2,2,1,0,0,1,0,3,2,1,1,0,0,0,1,1,0,0, , , , , , , , , , ,1,1,0,1,1,1,1,1,1,1,1,1,0
SEN,Senegal,4,4,22,15411614,1,2,3,0,0,0,0,0,0,3,1,1,0,0,2,0,0,0,.421,-.375717904164332,2,7,2,0,0,1,1,0,0,0,1,0,2,0,0,0,0,0,0,0,0,0,0,1,5,1,1,0,2,0, ,0,2,1,1,0,1,1,1,1,1,1,1,1,1,0
SYC,Seychelles,4,4,16,94677,1,2,3,0,0,0,0,0,0,3,1, , ,1,1,2,0,1,.692,-.159893905543242,3,11,4,1, , , , , , , , ,3,1,1,1,0,0,0,1,1,0,0, , , , , , , , ,0, , ,1,0,1,1, , , ,1,1,0,1,0
SLE,Sierra Leone,4,4,22,7396190,1,2,3,0,0,0,0,0,0,3,1,1,0,0,2,0,0,0,.2931,-.532984181561564,2,5,1,0,0,1,1,0,0,0,1,0,1,0,0,0,0,0,0,0,0,0,0,1,5,1,1,0,2,0, , , ,1,1,0,1,1,1,1,1,1,1,1,1,0
SGP,Singapore,7,7,7,5607283,1,2,0,1,1,1,1,1,1,2,0,2,1,1,0,3,1,0,.915,-.0385789059335517,4,16,4,1,1,3,4,0,0,1,0,1,27,17,1,2,2,1,1,3,3,1,1,7,6, , ,0,2,2, ,3,3,1,0,0,1,1,1,1,1,1,1,1,1,1
SVK,Slovak Republic,2,2,1,5430798,1,2,0,1,1,1,1,1,1,3,1,2,1,1,0,2,0,1,.7817, ,4,13,4,1,1,3,4,0,0,1,0,1,46,17,1,2,2,1,1,3,3,1,1,7,6, , ,2,1,2, ,4,4,1,0,0,1,1,1,1,1,1,1,1,1,1
SVN,Slovenia,2,2,1,2065042,1,2,0,1,1,1,1,1,1,4,1,2,1,1,0,3,1,0,.8546,-.0682371115188223,4,15,4,1,1,3,4,0,0,1,0,1,46,17,1,2,2,1,1,3,3,1,1,7,6, , ,2,1,2, ,4,4,1,0,0,1,1,1,1,1,1,1,1,1,1
SLB,Solomon Islands,7,7,28,599419,1,2,3,0,0,0,0,0,0,3,1, , ,0,2,0,0,0,.3442,-.463189134008459,2,6,2,0, , , , , , , , ,6,0,0,0,1,0,0,0,1,0,0, , , , , , , , , , , ,1,0,1,1, , , ,1,1,0,1,0
ZAF,South Africa,4,4,19,56015473,1,2,3,0,0,0,0,0,0,3,1,2,1,1,1,2,0,1,.6891,-.161717750085311,3,11,3,1,1,3,4,0,0,1,0,0,7,0,0,0,1,1,0,0,2,0,1,2,2,1,1,5,2,0, , , ,1,1,0,1,1,1,1,1,1,1,1,1,0
ESP,Spain,2,2,1,46484062,1,2,0,1,1,1,1,1,1,4,1,2,1,1,0,3,1,0,.8801,-.0554679790080189,4,15,4,1,1,3,4,0,0,1,0,1,46,17,1,2,2,1,1,3,3,1,1,7,6, , ,2,1,2, ,4,4,1,0,0,1,1,1,1,1,1,1,1,1,1
LKA,Sri Lanka,1,1,15,21203000,1,2,3,0,0,0,0,0,0,3,1,1,0,1,1,2,0,1,.6708,-.173406946065952,3,11,2,0,0,2,2,1,0,0,1,0,6,0,0,0,1,0,0,0,1,0,0, , , , , , , , , , ,1,1,0,1,1,1,1,1,1,1,1,1,0
KNA,St. Kitts and Nevis,5,8,10,54821,1,2,3,0,0,0,0,0,0,0, , , ,0,1,1,0,0,.6352, ,3,10,4,1, , , , , , , , ,3,3,1,1,0,0,0,2,1,1,0, , , , , , , , , , , ,1,0,1,1, , , ,1,1,0,0,0
LCA,St. Lucia,5,8,10,178015,1,2,3,0,0,0,0,0,0,0, , , ,0,1,1,0,0,.5444, ,3,9,3,1, , , , , , , , ,3,3,1,1,0,0,0,2,1,1,0, , , , , , , , , , , ,1,0,1,1, , , ,1,1,0,0,0
VCT,St. Vincent and the Grenadines,5,8,10,109643,1,2,3,0,0,0,0,0,0,0, , , ,0,1,1,0,0,.5605, ,3,10,3,1, , , , , , , , ,3,3,1,1,0,0,0,2,1,1,0, , , , , , , , , , , ,1,0,1,1, , , ,1,1,0,0,0
SUR,Suriname,5,8,10,558368,1,2,3,0,0,0,0,0,0,3,1, , ,0,2,1,0,0,.5154,-.287855585785114,3,9,3,1, , , , , , , , ,3,3,1,1,0,0,0,2,1,1,0, , , , , , , , , , , ,1,0,1,1, , , ,1,1,0,1,0
SWE,Sweden,2,2,1,9923085,1,2,0,1,1,1,1,1,1,4,1,2,1,1,0,3,1,0,.9365,-.0284922182887438,4,16,4,1,1,3,4,0,0,1,0,1,46,17,1,2,2,1,1,3,3,1,1,7,6, , ,2,1,2, ,4,4,1,0,0,1,1,1,1,1,1,1,1,1,1
CHE,Switzerland,2,2,23,8373338,1,2,0,1,1,1,1,1,1,4,1,2,1,1,0,3,1,0,.8907,-.0502685476842929,4,15,4,1,1,3,4,0,0,1,0,1,32,4,1,2,2,1,0,2,3,1,1, , , , , , , , , , ,1,1,0,1,1,1,1,1,1,1,1,1,1
 ,"Taiwan, China",7,7,8,23780452,1,2,0,1,1,1,1,1,1,4,1, , , , , , , , , , , ,4,1, , , , , , , , ,6,3,1,1,1,0,0,2,1,1,0,0,0,3,4,0,0,0, , , , ,1,0,1,1, ,0, ,1, ,0,1,1
TJK,Tajikistan,2,2,30,8734951,1,2,3,0,0,0,0,0,0,2,0,1,0,0,2,1,0,0,.4649,-.332640453816913,2,8,2,0,0,1,2,1,0,0,1,0,2,0,0,0,0,0,0,0,0,0,0, , , , , , , , , , ,1,1,0,1,1,1,0,1,1,1,1,1,0
TZA,Tanzania,4,4,16,55572201,1,2,3,0,0,0,0,0,0,2,0,1,0,0,2,0,0,0,.4206,-.376130731649698,2,7,2,0,0,1,1,0,0,0,1,0,4,0,0,0,1,0,0,0,1,0,0, , , , , , , , , , ,1,1,0,1,1,1,1,1,1,1,1,1,0
THA,Thailand,7,7,7,68863514,1,2,0,1,1,1,1,1,0,1,0,2,1,1,1,2,0,1,.7565,-.121191067640795,4,13,3,1,1,2,3,0,1,0,0,1,14,5,1,2,2,1,1,2,2,1,1, , , , , , , , , , ,1,1,0,1,1,1,1,1,1,1,1,1,1
TGO,Togo,4,4,22,7606374,1,2,3,0,0,0,0,0,0,3,1,1,0,0,2,0,0,0,.4302,-.366329593948556,2,7,1,0,0,1,1,0,0,0,1,0,2,0,0,0,0,0,0,0,0,0,0,1,5,1,1,0,2,0, , , ,1,1,0,1,1,1,1,1,1,1,1,1,0
TON,Tonga,7,7,28,107122,1,2,3,0,0,0,0,0,0,0, , , ,0,1,1,0,0,.5616,-.250572900878251,3,10,3,1, , , , , , , , ,3,0,0,0,0,0,0,0,1,0,0, , , , , , , , , , , ,1,0,1,1, , , ,1,1,0,0,0
TTO,Trinidad and Tobago,5,8,10,1364962,1,2,3,0,0,0,0,0,0,3,1,1,1,1,1,2,0,1,.6785,-.168450148004244,3,11,4,1,0,2,2,1,0,0,1,0,4,3,1,1,1,0,0,2,1,1,0, , , , , , , , , , ,1,1,0,1,1,1,1,1,1,1,1,1,0
TUN,Tunisia,3,3,26,11403248,1,2,3,0,0,0,0,0,0,3,1,1,0,0,1,1,0,0,.6526,-.185352930548144,3,11,2,0,0,2,2,1,0,0,1,0,8,0,0,0,1,1,0,0,2,0,1, , , , , , , , , , ,1,1,0,1,1,1,1,1,1,1,1,1,0
TUR,Turkey,2,2,8,79512426,1,2,0,1,1,1,1,1,1,2,0,2,1,1,1,2,0,1,.7718,-.112495225764622,4,13,3,1,1,3,3,0,1,0,0,1,24,3,1,1,2,1,0,2,3,1,1, , , , , , , , , , ,1,1,0,1,1,1,0,1,1,1,1,1,1
UGA,Uganda,4,4,16,41487965,1,2,3,0,0,0,0,0,0,2,0,1,0,0,2,0,0,0,.4499,-.346884006834433,2,8,1,0,0,1,1,0,0,0,1,0,2,0,0,0,0,0,0,0,0,0,0, , , , , , , , , , ,1,1,0,1,1,1,1,1,1,1,1,1,0
UKR,Ukraine,2,2,8,45004645,1,2,0,1,1,1,1,1,1,2,0,2,1,1,1,2,0,1,.7119,-.147581007062999,3,12,2,0,1,3,3,0,1,0,0,1,20,3,1,1,2,1,0,2,3,1,1,5,6, , ,2,1,0, , , ,1,1,0,1,1,1,0,1,1,1,1,1,1
ARE,United Arab Emirates,3,3,25,9269612,1,2,1,1,0,1,1,2,1,0, ,2,1,1,0,3,1,0,.8555,-.0677799861228809,4,15,4,1,1,2,3,0,1,0,0,1,4,2,1,1,1,0,0,1,1,0,0, , , , , , , , , , ,1,1,0,1,1,1,1,1,1,1,1,0,1
GBR,United Kingdom,2,2,8,65595565,1,2,0,1,1,1,1,1,1,4,1,2,1,1,0,3,1,0,.9358,-.0288169591438386,4,16,4,1,1,3,4,0,0,1,0,1,38,15,1,2,2,1,1,3,3,1,1, , , , , , , , , , ,1,0,0,1,1,1,0,1,1,1,1,1,1
USA,United States,6,6,2,323405935,1,2,0,1,1,1,1,1,1,4,1,2,1,1,0,3,1,0,.9297,-.0316571690410546,4,16,4,1,1,3,4,0,0,1,0,1,14,12,1,2,2,1,1,3,2,1,1,7,6, , ,4,1,2, ,2,0,1,0,0,1,1,1,1,1,1,1,1,1,1
URY,Uruguay,5,5,4,3444006,1,2,0,1,1,1,1,1,1,4,1,2,1,1,0,3,1,0,.85,-.0705810742857073,4,15,4,1,1,2,3,0,1,0,0,1,8,0,0,0,1,1,0,0,2,0,1, , , , , , , , , , ,1,1,0,1,1,1,1,1,1,1,1,1,1
VUT,Vanuatu,7,7,28,270402,1,2,3,0,0,0,0,0,0,3,1, , ,0,2,0,0,0,.4403,-.356251314540474,2,7,2,0, , , , , , , , ,3,0,0,0,0,0,0,0,1,0,0, , , , , , , , , , , ,1,0,1,1, , , ,1,1,0,1,0
VEN,"Venezuela, RB",5,5,30,31568179,1,2,3,0,0,0,0,0,0,2,0,1,0,0,2,1,0,0,.5268,-.278354233710254,3,9, , ,0,2,2,1,0,0,1,0,3,0,0,0,0,0,0,0,1,0,0, , , , , , , , , , ,1,1,0,1,0,1,0,1,0,1,1,1,0
VNM,Vietnam,7,7,7,94569072,1,2,3,0,0,0,0,0,0,1,0,2,1,0,1,1,0,0,.6667,-.176069544874436,3,11,2,0,1,2,3,0,1,0,0,1,15,6,1,2,2,1,1,2,2,1,1, , , , , , , , , , ,1,1,1,1,1,1,1,1,1,1,1,1,0
YEM,"Yemen, Rep.",3,3,26,27584213,1,2,3,0,0,0,0,0,0,1,0,1,0,0,2,0,0,0,.3045, ,2,5,1,0,0,1,1,0,0,0,1,0,1,0,0,0,0,0,0,0,0,0,0, , , , , , , , , , ,1,1,0,1,1,1,1,1,1,1,1,1,0
ZMB,Zambia,4,4,16,16591390,1,2,3,0,0,0,0,0,0,2,0,1,0,0,2,0,0,0,.4242,-.372429335819457,2,7,2,0,0,1,1,0,0,0,1,0,2,0,0,0,0,0,0,0,0,0,0,1,5,1,1,0,2,0, , , ,1,1,0,1,1,1,1,1,1,1,1,1,0
ZWE,Zimbabwe,4,4,16,16150362,1,2,3,0,0,0,0,0,0,2,0,1,0,0,2,1,0,0,.5019,-.299382804317943,3,9,2,0,0,1,2,1,0,0,1,0,6,1,1,1,1,0,0,1,1,0,0,1,5,1,1,0,2,0, , , ,1,1,0,1,1,1,1,1,1,1,1,1,0
